[{
  "_id": "6172d2e598c25342f2339761",
  "__v": "0",
  "createdAt": "2021-10-22T15:04:05.560Z",
  "orderDetails": "[{\"food\":{\"$oid\":\"6166f660db8b2b72dd9de1d2\"},\"quantity\":1,\"paymode\":\"ONLINE\",\"status\":\"Placed\",\"paymentDetails\":{\"itemTotal\":200,\"promo\":0,\"tax\":0,\"razorpay_payment_id\":\"pay_ICQPORN2Kta92S\"},\"_id\":{\"$oid\":\"6172d2e598c25342f2339762\"}},{\"food\":{\"$oid\":\"6166f660db8b2b72dd9de1d2\"},\"quantity\":3,\"paymode\":\"ONLINE\",\"status\":\"Placed\",\"paymentDetails\":{\"itemTotal\":600,\"promo\":0,\"tax\":0,\"razorpay_payment_id\":\"pay_ICQPl6RFFMCv2r\"},\"_id\":{\"$oid\":\"6172d2fa98c25342f2339765\"}},{\"food\":{\"$oid\":\"6166f660db8b2b72dd9de1d2\"},\"quantity\":2,\"paymode\":\"ONLINE\",\"status\":\"Placed\",\"paymentDetails\":{\"itemTotal\":400,\"promo\":0,\"tax\":0,\"razorpay_payment_id\":\"pay_IGmjUQlz8VVd35\"},\"_id\":{\"$oid\":\"61815992e454974b44f43821\"}},{\"food\":{\"$oid\":\"6166f660db8b2b72dd9de1d2\"},\"quantity\":1,\"paymode\":\"ONLINE\",\"status\":\"Placed\",\"paymentDetails\":{\"itemTotal\":200,\"promo\":0,\"tax\":0,\"razorpay_payment_id\":\"pay_IINxl9eetaCTFE\"},\"_id\":{\"$oid\":\"6186ae9cb2f2fe20b9fc638a\"}},{\"food\":{\"$oid\":\"6166f660db8b2b72dd9de1d2\"},\"quantity\":3,\"paymode\":\"ONLINE\",\"status\":\"Placed\",\"paymentDetails\":{\"itemTotal\":600,\"promo\":0,\"tax\":0,\"razorpay_payment_id\":\"pay_IMKLKug0CaQsmW\"},\"_id\":{\"$oid\":\"6193d06136cc1a264148bb40\"}},{\"food\":[{\"details\":{\"$oid\":\"6166f660db8b2b72dd9de1d2\"},\"quantity\":4,\"_id\":{\"$oid\":\"633461737720fe6c95329b53\"}}],\"paymode\":\"ONLINE\",\"status\":\"Completed\",\"paymentDetails\":{\"itemTotal\":4000,\"promo\":\"OCT2022\",\"tax\":\"18\",\"razorpay_payment_id\":\"pay_ICQPORN2Kta92S\"},\"_id\":{\"$oid\":\"633461737720fe6c95329b52\"}}]",
  "updatedAt": "2022-09-28T15:00:03.334Z",
  "user": "632f12721c1512bfdbbae843"
}]