[{
  "_id": {
    "$oid": "616d6c53ac8b113e5bac0a51"
  },
  "__v": 0,
  "createdAt": {
    "$date": {
      "$numberLong": "1634561107918"
    }
  },
  "isFoodReview": true,
  "isRestaurantReview": false,
  "photos": "[]",
  "rating": 4,
  "restaurant": {
    "$oid": "637b9937949925b9a5c7be1c"
  },
  "reviewText": "asdfasdf",
  "updatedAt": {
    "$date": {
      "$numberLong": "1634561107918"
    }
  },
  "user": {
    "$oid": "632f12721c1512bfdbbae843"
  }
},{
  "_id": {
    "$oid": "6179680ad09a016f8ba9c11e"
  },
  "__v": 0,
  "createdAt": {
    "$date": {
      "$numberLong": "1635346442357"
    }
  },
  "isRestaurantReview": false,
  "photos": "[]",
  "rating": 4,
  "restaurant": {
    "$oid": "637b9937949925b9a5c7be1c"
  },
  "reviewText": "asbcs",
  "updatedAt": {
    "$date": {
      "$numberLong": "1635346442357"
    }
  },
  "user": {
    "$oid": "61778ac103117c5375919ce9"
  }
},{
  "_id": {
    "$oid": "61815964e454974b44f437ce"
  },
  "__v": 0,
  "createdAt": {
    "$date": {
      "$numberLong": "1635866980933"
    }
  },
  "isFoodReview": true,
  "isRestaurantReview": false,
  "photos": [
    ""
  ],
  "rating": 3,
  "restaurant": {
    "$oid": "637b9937949925b9a5c7be1c"
  },
  "reviewText": "asdfasdfs",
  "updatedAt": {
    "$date": {
      "$numberLong": "1635866980933"
    }
  },
  "user": {
    "$oid": "616d69f9ac8b113e5bac099f"
  }
}]